epoch,accuracy,loss,val_accuracy,val_loss
0,0.676556408405304,0.7306077480316162,0.8406432867050171,0.4640406668186188
