epoch,accuracy,loss,val_accuracy,val_loss
0,0.6298637986183167,0.7900807857513428,0.7514705657958984,0.6196497678756714
