epoch,accuracy,loss,val_accuracy,val_loss
0,0.5175096988677979,0.9333530068397522,0.7266082167625427,0.6678845882415771
1,0.7626459002494812,0.606821596622467,0.7792397737503052,0.5557793378829956
