epoch,accuracy,loss,val_accuracy,val_loss
0,0.6292153000831604,0.8396492600440979,0.42690059542655945,2.7070960998535156
